MaleNames;FemaleNames
BaSneferunefer;SetNebettawynefer
NeferQa'ara;AmonTakhatamon
SaShepseskafhotep;SetMeritamenre
AnkhMentuhotepka;Aset
AmonDenhotep;Cleopatra
TehUnasta;HetMeritamenep
HetNarmerka;HetHenuttanebre
AmonSneferuep;NeferIsetnofretu
BaSobekhotepra;SetSheryhotep
SaAhmosere;RaAnkhesenamunseth
SetIntefra;HetSitrenefer
KaSahurenefer;NeferPeseshetka
HetDenra;AnkhSheryu
SaAmenhotepta;AmonSensenebnefer
AmonSetiamon;BaKhentkausnefer
SaKhasekhemwyre;HetAsetseth
TehIntefamon;TehSheryamon
HetMerneptahre;AmonPeseshetamon
NeferKakaiep;SaTashatnefer
KaAhmosenefer;KaCleopatraka
HetUnasseth;KaCleopatraseth
TehQa'ahotep;AmonMerytrere
Senusret;HetMeritamenseth
NeferTutankhamunamon;RaSitrere
SetDjedefrehotep;SetHenuttanebre
AnkhWenisseth;SaAsetnefer
SaAkhenatenamon;Peseshet
SaTetiep;SetCleopatrau
HetPeribsenseth;BaAnkhesenamunamon
SetSobekhotepnefer;Nodjmet
AmonPeribsenep;Sitkamose
Kakai;SetThuyaamon
Pepi;SetNeferureamon
TehTutankhamunu;AnkhHenutmehytep
RaSemerkhetra;RaTashatu
AnkhKakainefer;TehTiare
TehRamessesseth;KaThuyara
NeferMenkaureu;RaCleopatrau
BaPepiep;RaAnkhesenamunep
BaIntefnefer;HetHatshepsuthotep
TehThutmoseu;KaTiare
TehMerikareta;HetHenutmireseth
SaTutankhamunka;KaThuyaka
SaKhafreamon;Ankhesenamun
AmonSekhemkhetseth;AnkhNeferurehotep
BaTutankhamunamon;SaPeseshetnefer
NeferPeribsenhotep;KaSitkamosehotep
AnkhPeribsenre;Baketamon
SaAmenemhatamon;NeferHenuttanebhotep
BaAmenhotepu;AmonNodjmetka
HetIntefre;TehNeferureseth
SetSemerkhetre;NeferNeferureu
Huni;BaAathotep
SaIry-Horu;RaNodjmetnefer
SetAmenemhatamon;HetNefertariu
AmonIntefhotep;SetKhenemetneferhedjetra
AmonIry-Horu;RaTadukhipata
HetTetiamon;KaKhenemetneferhedjethotep
NeferPepihotep;SetHenutmirere
RaKakaiep;Beketaten
Amenhotep;HetIsetnofretta
HetTetihotep;KaTadukhipaamon
AnkhAhmosehotep;BaSitkamoseta
Peribsen;SaMutnodjmetre
KaRamessesseth;AmonThuyata
KaNynetjeramon;RaBaketamonra
HetShepseskafra;NeferMutnodjmetta
TehSekhemkhetseth;TehSitkamoseamon
AmonWenisseth;AmonPeseshetu
AnkhSneferuamon;AnkhHenuttanebseth
BaMenkaureka;SetNodjmetnefer
BaAhmoseep;AnkhNebetahu
AmonAkhenatenta;HetSitreseth
AmonSetinefer;KaTadukhipau
RaDjoserra;BaBintanathamon
AmonWenisre;RaNebettawyu
RaIry-Horhotep;AnkhMeritamenhotep
HetTutankhamunhotep;SaMutnodjmetra
SetSenusrethotep;NeferNebettawyamon
AmonAmenhotepep;HetSensenebu
Merikare;AmonNebettawyra
SetTetire;HetSensenebamon
NeferMerneptahka;SaSheryu
KaQa'aamon;HetHenutmehytu
NeferNeferkareu;SetAsetamon
TehHoremhebra;KaAnkhesenamunnefer
BaMerikareu;RaMerytreep
BaAhmoseu;TehKhenemetneferhedjetnefer
KaWeniska;BaMutemwiyahotep
SetIntefhotep;AnkhMutep
SetSahureseth;AnkhMutnodjmetre
TehAmenhotepka;RaSensenebka
AnkhSemerkhetra;AmonMutep
AnkhHunihotep;RaMutnodjmetep
HetMerikarera;AmonTiara
SaMenkaurehotep;AmonNebettawyta
HetSneferuu;BaHenutmireseth
Sekhemkhet;AnkhNeferurere
KaSemerkhetseth;RaMutemwiyahotep
AnkhHoremhebep;TehMutnodjmetep
AmonAhmoseka;NeferMutnodjmetep
RaPeribsenta;AmonTashatamon
AnkhAmenhotepre;SetAatu
NeferMerneptahta;KaSensenebhotep
RaMenkaureta;HetBintanathnefer
RaKhafreka;SetKhenemetneferhedjetre
AmonAmenemhatre;AmonNefertitiep
HetMerikareu;AmonThuyanefer
BaNynetjerre;NeferBintanathseth
BaNarmeru;RaSensenebu
SaNarmerka;SetTakhatre
SetNynetjerre;RaHenutmireep
AmonWenista;NeferBaketamonre
BaKhetyhotep;Nefertari
AmonMenkaurere;TehTiaaep
AnkhIry-Horamon;AmonTadukhipahotep
KaMenkaurere;AmonBeketatenseth
SaSobekhotephotep;SetHatshepsutra
TehDjoserka;SaTiaaka
SetSobekhotepamon;AmonAatamon
NeferRamessesseth;BaNodjmetseth
BaRamessesnefer;NeferTadukhipara
Menkaure;SetNefertariamon
BaSahureep;AnkhSitamunnefer
Tutankhamun;BaKhentkausre
SaThutmoseka;NeferNebettawyep
SaTutankhamunhotep;AnkhHenutmireamon
SetHuniseth;RaTiaata
RaShepseskafseth;NeferHenutmirere
RaHoremhebre;NeferTiaaka
NeferKhafreu;SaTadukhipare
RaKhafreep;RaTiyere
AmonDenseth;SetTadukhipau
AnkhMentuhotepamon;RaKhentkauska
SetNynetjerta;RaNeferurenefer
AnkhTetita;NeferAsetka
HetSemerkhetka;TehMutnodjmetra
AnkhSekhemkhetre;KaHenutmireamon
RaMerikarenefer;Henutmire
SaSenusretamon;RaTashatamon
NeferWenisu;NeferNefertarira
HetPepinefer;SaMerytreu
SetKhasekhemwynefer;SaBaketamonra
AmonSenusretra;BaCleopatrare
KaAmenemhatka;KaSitrehotep
BaSekhemkhetamon;AmonThuyau
RaUnasamon;TehMuthotep
AnkhIry-Horhotep;SaAhhotepnefer
KaThutmosenefer;HetKhentkaushotep
SetIntefre;TehKhentkausamon
KaUnasu;NeferMerytep
SetAhmoseta;HetSheryamon
HetHunihotep;KaBintanathamon
BaIntefseth;AnkhTiaamon
KaUnasnefer;KaKhenemetneferhedjetep
NeferRamesseska;SaAnkhesenamunep
RaShepseskafka;SetNefertitiseth
AmonMerneptahseth;KaTashatta
NeferIry-Horu;RaBintanathka
BaAkhenatenre;TehTadukhipahotep
RaUnasre;HetTadukhipare
BaRamessesu;NeferNeferureka
TehUserkafu;KaSheryep
AmonWenisu;RaHenutmehytra
TehSetihotep;AnkhMerytep
KaShepseskafhotep;RaNeferureseth
AnkhDenka;TehBaketamonep
RaTetika;NeferTashatep
TehSobekhotephotep;AnkhTadukhipaep
SetQa'aka;SaIsetnofretta
TehMerikarere;AmonMutka
Khety;BaTiyera
KaAkhenatenep;RaTiyeep
Teti;TehHenutmehytu
SetWenisu;Mutemwiya
AmonSemerkhetseth;SetSheryep
Neferkare;Neferure
HetTutankhamunta;TehAsetamon
HetWenista;SaBintanathka
NeferWenisnefer;AmonTadukhipaka
KaUnasep;HetTiyeta
TehSobekhotepnefer;AnkhSitkamoseta
Wenis;HetKhenemetneferhedjetra
SaSemerkhethotep;KaTashatseth
AnkhKhafrere;BaHenutmireka
BaNeferkareamon;TehTiau
KaNynetjerseth;AmonCleopatrara
TehAkhenatenta;TehTiyera
RaDjedefrenefer;BaSitkamoseka
NeferShepseskafra;KaTiaamon
AmonKhasekhemwyka;RaHenutmireka
BaHoremhebamon;HetNebettawynefer
NeferDenu;AnkhKhenemetneferhedjetta
Djedefre;AnkhBintanathka
HetMenkaurehotep;NeferHenutmirera
TehHuniamon;HetMerytre
AnkhIntefra;HetHenutmirere
SaNynetjeru;NeferNebetahep
SaIry-Horep;Merytre
NeferSobekhotepseth;SaHatshepsutu
AmonAkhenatenep;Tadukhipa
BaIry-Horep;TehPeseshetra
BaMentuhotepep;SetAatamon
BaThutmoseamon;KaNeferurera
Narmer;SaKhentkausre
SetSetita;AmonHenuttanebamon
KaKhasekhemwyu;SetMerytreep
RaSahurehotep;TehMerytrehotep
Ahmose;SetHenutmirera
RaThutmosehotep;AmonAatre
AmonMerneptahka;AmonMeritamenta
HetQa'anefer;AnkhAsetu
RaKhetyamon;TehSheryep
KaNeferkarere;AnkhBaketamonra
KaWenisseth;NeferSitreu
TehMentuhotepseth;AmonTashatseth
Iry-Hor;KaCleopatraep
BaKhetyra;NeferHenutmehytta
SaWenishotep;KaTakhathotep
KaHunira;AmonIsetnofretseth
Userkaf;AmonSitkamoseep
AmonNarmeru;SetAhhotepep
NeferWenisep;BaBaketamonep
RaMentuhotepseth;Henutmehyt
TehHoremhebnefer;HetSitkamosere
NeferNynetjerep;HetSitkamoseamon
TehKhafrehotep;KaSitreamon
AmonSekhemkhetka;HetMutemwiyanefer
RaWenisnefer;NeferMutnodjmetseth
NeferKhasekhemwyhotep;KaSensenebep
Seti;NeferTashatseth
TehSenusrethotep;TehAnkhesenamunra
NeferSemerkhetamon;NeferMutemwiyare
AnkhThutmosehotep;KaMutnodjmetta
HetNarmerseth;AmonTiyeseth
BaAhmoseka;NeferAatre
KaTetika;TehTashathotep
BaPepiamon;BaHenutmireep
RaMerneptahka;KaMutemwiyanefer
RaHunire;TehNodjmethotep
Amenemhat;NeferAnkhesenamunre
AmonNeferkarera;SaHenutmehytep
NeferKhafreamon;AmonNodjmetre
AmonSenusretu;NeferCleopatrare
NeferQa'aseth;AmonSitamunu
KaPeribsennefer;SetNefertarire
SaSekhemkhetu;SaHatshepsutnefer
SetPepihotep;NeferIsetnofretamon
RaNarmerta;AnkhNebetahnefer
SetSenusretseth;BaMutra
AmonNarmerta;BaIsetnofretep
AnkhKhafrehotep;HetNefertitiseth
AmonKakainefer;KaBintanathep
NeferSetiep;BaHenuttanebhotep
Horemheb;SaHenutmehytnefer
SetSetire;AnkhMutnodjmethotep
TehSekhemkhetre;RaMutnefer
Nynetjer;HetAsethotep
BaThutmoseep;Tiye
NeferUnasnefer;RaMerytreka
BaNynetjeramon;HetMerytseth
AnkhSobekhotepra;AnkhBintanathta
SetUserkafta;TehAatamon
BaMentuhotepre;Thuya
SetMerikareep;HetSheryu
Merneptah;RaPeseshetra
SetKhasekhemwyamon;SetTiaata
KaAhmosere;AmonBeketatenhotep
RaAmenhotepseth;BaTadukhipanefer
AnkhDjedefrera;SaSensenebseth
TehMenkaureta;HetSitkamoseta
NeferSahurehotep;AnkhKhenemetneferhedjetu
SetDenep;HetHenutmireu
HetHoremhebnefer;KaTiyeep
TehSemerkhetra;SetTakhatamon
TehTutankhamunep;HetHenutmireamon
NeferTutankhamunep;SaAatta
KaSobekhotepra;NeferSitkamoseep
Mentuhotep;SaSheryka
KaMerikareamon;RaCleopatrata
HetSneferuamon;AnkhMeritamenseth
HetMenkaurenefer;KaHenuttanebu
TehMerneptahamon;AmonAsetnefer
SaSobekhotepamon;KaHenutmehytseth
KaSekhemkhetta;TehNeferurera
AmonAmenemhatka;BaKhentkausta
KaSenusretu;BaNodjmetnefer
RaNarmerep;BaNefertitiep
AmonSetika;Tashat
KaNarmerep;SaTiyeka
BaQa'ata;TehMutseth
SaPeribsenu;SaNefertitinefer
KaPepika;RaMutnodjmethotep
AmonHuninefer;TehIsetnofretnefer
KaDjedefreu;KaIsetnofretra
HetKhasekhemwyra;AnkhSitreka
KaRamessesnefer;KaSitrenefer
KaQa'ata;AmonBeketatenamon
BaPepika;KaHenutmirera
AnkhAmenhotepep;Nebettawy
TehSobekhotepamon;Meritamen
TehSneferuu;TehNefertarire
BaAkhenatenra;TehHenutmirenefer
KaIry-Horra;AmonAnkhesenamunnefer
SaTutankhamunnefer;HetSitkamoseep
Den;Hatshepsut
RaIntefamon;SaTadukhipaamon
RaAmenemhatu;NeferTiaaseth
BaPepihotep;KaSherynefer
RaSemerkhetu;SaTashatep
HetShepseskafre;BaTiaahotep
SetKhafreka;AmonMerytra
NeferMerikareseth;SaTiyeta
SetAmenemhatta;SaNefertitira
HetSemerkhetta;RaSitamunnefer
HetWenishotep;NeferTakhatu
TehDenta;Bintanath
AnkhTutankhamunseth;RaMeritamennefer
RaKhetyra;NeferHatshepsutre
AmonQa'ahotep;AnkhIsetnofretamon
SaHunira;SetKhenemetneferhedjetamon
KaThutmoseu;SetMutnodjmetu
SaIntefta;SetNefertariep
RaSekhemkhetre;HetNebettawyka
NeferRamessesra;AnkhTashatre
NeferSneferuhotep;BaHenutmirehotep
SaSahureep;TehTiyeu
KaSetihotep;BaHenutmehytre
SetSahurera;BaKhentkausra
HetMentuhotepre;HetBeketatenre
TehUnasseth;BaHenutmehytseth
AmonKhasekhemwyseth;SaMutemwiyaka
AmonAhmoseep;AnkhAnkhesenamunseth
SetMerikareta;TehCleopatrata
KaNynetjernefer;RaSitreka
TehDjoserhotep;SetTashatta
AnkhAhmoseep;HetSheryka
RaWenisep;AmonTakhatnefer
BaIry-Horra;SetHatshepsutka
NeferSenusretta;SaMutemwiyanefer
Khasekhemwy;Meryt
AmonSemerkhetnefer;AmonHenutmirera
AmonKhasekhemwyra;AnkhSitreta
SetAmenemhatka;AnkhBeketatenre
SetMenkaureseth;SaSensenebra
HetSenusretamon;NeferSheryre
NeferKhafrere;RaSensenebep
SaDjoseramon;BaHenutmehythotep
AnkhNynetjerhotep;Tia
BaDjoserseth;AnkhHenutmireu
SetMenkaurere;SetSitamunka
KaAmenhotepra;TehTashatep
HetNeferkarenefer;NeferAatta
AmonDjoseramon;HetAsetep
NeferSobekhotepep;BaNeferureka
KaAmenemhatseth;NeferSitamunre
KaShepseskafnefer;BaBaketamonu
AmonUnaska;AnkhMerytu
HetDjoserka;RaCleopatraep
BaTetinefer;AnkhSensenebta
NeferHoremhebseth;Mut
Djoser;RaHatshepsutre
BaShepseskafnefer;KaTashatka
AmonNynetjerseth;AmonMerytreseth
NeferKhafreka;HetNebettawyu
AnkhAmenemhatnefer;TehHatshepsutamon
AmonPeribsenra;RaTiaaseth
AnkhPeribsenta;Aat
SaSahureka;AmonTiaaseth
AnkhAmenhotepka;SaSitamunta
BaHoremhebseth;AmonSensenebseth
BaKhasekhemwynefer;TehKhenemetneferhedjetra
HetNeferkareep;TehTakhatra
SetSemerkhetta;AmonMutemwiyaamon
BaKhetyu;KaKhentkausu
NeferTetihotep;BaMerytre
AmonHunihotep;KaAnkhesenamunu
HetMerikarenefer;SetAsetu
SaMenkaureseth;Henuttaneb
SaQa'aamon;Ahhotep
BaSenusretseth;SetCleopatrare
AnkhSetire;HetSitrehotep
BaAmenhotepep;AmonTiaep
SetSenusretra;AnkhTadukhipahotep
KaIntefu;SetNeferurenefer
Thutmose;SaBeketatenka
HetAmenemhatseth;AnkhCleopatrahotep
SetAhmoseu;SetNeferureep
KaKhafreta;BaBintanathhotep
AmonDenamon;NeferMerytre
KaDjedefrera;KaAatra
AmonWenisnefer;Mutnodjmet
NeferTutankhamunka;NeferAsetre
AmonKhasekhemwyamon;Senseneb
NeferThutmoseamon;AnkhThuyahotep
HetQa'au;KaTakhatka
Sobekhotep;Nebetah
NeferKakaika;SaSheryra
BaDenamon;HetTiaanefer
RaIry-Horka;TehIsetnofretre
SetMentuhotepep;TehAhhotepra
Semerkhet;SaSitamunnefer
NeferNarmerhotep;RaTakhatre
KaMenkaurenefer;BaSheryu
BaSetiep;RaSitreep
SaSneferuep;RaKhenemetneferhedjetka
AnkhKhetyre;Sitre
Akhenaten;NeferKhenemetneferhedjetka
HetUserkafka;AnkhNebetahseth
AnkhAmenhotephotep;Isetnofret
AnkhSetiep;BaNodjmethotep
SetDenhotep;SetTiara
RaSobekhotepnefer;TehTadukhipaamon
AnkhMenkaurehotep;KaKhentkausamon
Sneferu;KaHenutmireep
HetSneferuka;KaMerytta
SaIntefra;AnkhTiaaka
KaRamessesta;BaNefertitika
Khafre;TehSensenebu
AmonSemerkhetamon;TehBeketatenta
KaSemerkhetamon;NeferTadukhipaep
SetUnaska;AnkhMeritamenka
AmonNeferkareka;RaNebetahnefer
TehMenkaureu;BaCleopatrata
KaIntefep;BaAnkhesenamunep
SaMerneptahseth;AnkhHenuttanebu
AmonHoremhebnefer;NeferNodjmetu
NeferKhafrera;SaTianefer
BaPepiseth;Tiaa
AmonKakaita;Nefertiti
AmonMentuhotepu;AmonSitrehotep
NeferRamessesnefer;TehSitkamoseseth
RaWenisra;SaAatre
TehSahureta;TehNodjmetre
Ramesses;SetSensenebseth
HetKakainefer;TehIsetnofrethotep
SaSneferuhotep;SaNefertitita
AmonDjedefreka;SetPeseshetta
SaUnasra;HetMerytrera
SaQa'ahotep;NeferHenutmirenefer
RaSetiamon;Khenemetneferhedjet
RaSobekhotepamon;KaTiata
BaAmenhotepamon;SaTakhatta
TehKhetyra;AmonNebettawyka
SetSneferuseth;BaHenutmirenefer
KaKakaika;NeferAsethotep
BaPepita;HetBeketatenta
TehDenseth;SaNefertariu
SetSekhemkhetka;NeferMerytreta
TehShepseskafre;NeferKhenemetneferhedjetep
BaDjoserre;HetNeferurere
AmonSemerkhetep;HetSitreta
BaKhasekhemwyta;SaSheryep
RaMerikareu;SetAnkhesenamunu
Qa'a;RaAsetamon
BaNeferkareu;HetHenuttanebka
AmonHoremhebra;HetTashatta
SetQa'ara;BaAatu
BaSobekhotepka;AnkhAnkhesenamunra
NeferSneferuamon;HetKhentkausep
SaMerneptahu;BaNebettawyra
NeferIntefra;SetPeseshetseth
TehSetiseth;KaNeferurenefer
BaSobekhotepta;SetAsetnefer
NeferNarmerre;AmonBaketamonnefer
KaNeferkarera;SetMutnodjmetra
HetPepiseth;SetCleopatraep
HetHoremhebu;KaMeritamenka
KaShepseskafseth;KaMutemwiyaka
HetAmenemhatta;TehHenutmehythotep
Sahure;Khentkaus
BaShepseskafamon;HetMeritamennefer
NeferAmenemhatre;RaMutka
BaHunita;Takhat
TehAkhenatenamon;KaMerytseth
SetKhetyka;AnkhKhenemetneferhedjetre
HetDjedefreta;KaSitamunhotep
Unas;BaThuyara
AmonAhmosera;TehThuyara
AnkhSekhemkhetra;SetTiaamon
RaDjedefreta;BaNebettawyamon
TehIry-Horta;TehBintanathnefer
RaAmenhotephotep;TehAnkhesenamunta
NeferAkhenatenre;SetSitkamoseseth
NeferNeferkareka;TehMerytra
NeferSemerkhetnefer;SetSensenebka
AmonSemerkhetre;KaTiau
SetDjedefrenefer;Sitamun
Shepseskaf;BaHatshepsutu
SetQa'ahotep;SetCleopatraamon
HetDjedefrera;AnkhAhhotepra
KaSenusretra;KaSitamunta
SaMerikareseth;Shery
NeferDjoserta;TehMutemwiyaseth
KaSenusretnefer;AnkhPeseshetra
Intef;AnkhSitamunseth
TehNeferkarera;AnkhTiaaamon
BaKhetyep;SetSitamunep
TehAmenhotepu;RaHenuttanebu
NeferMenkaureka;AnkhNebettawyep
